"2","This is a test for chatgpt prompt auto table","Sure, please provide me with the necessary information for the table."
"4","You don't need to care this.Just answer my question","Of course, please feel free to ask your question and I'll do my best to assist you."
"6","1+1","The sum of 1+1 is 2."
"8","2+2","The sum of 2+2 is 4."
"10","3+3","The sum of 3+3 is 6."
"12","4*4","The product of 4*4 is 16."
"14","4/2","The quotient of 4/2 is 2."
"16","8-9","The difference between 8 and 9 is -1."
"18","2/3","The quotient of 2/3 is approximately 0.6667 or 2/3 as a fraction in reduced form."
"20","Finish","Is there anything else I can help you with?"
"22","No","Alright then, feel free to ask me anything in the future if you need any assistance. Have a great day!"
"24","Thanks","You're welcome!"
"2","This is a test for chatgpt prompt auto table","Sure, please provide me with the necessary information for the table."
"4","You don't need to care this.Just answer my question","Of course, please feel free to ask your question and I'll do my best to assist you."
"6","1+1","The sum of 1+1 is 2."
"8","2+2","The sum of 2+2 is 4."
"10","3+3","The sum of 3+3 is 6."
"12","4*4","The product of 4*4 is 16."
"14","4/2","The quotient of 4/2 is 2."
"16","8-9","The difference between 8 and 9 is -1."
"18","2/3","The quotient of 2/3 is approximately 0.6667 or 2/3 as a fraction in reduced form."
"20","Finish","Is there anything else I can help you with?"
"22","No","Alright then, feel free to ask me anything in the future if you need any assistance. Have a great day!"
"24","Thanks","You're welcome!"
