"no","Prompt","Answer"
"2","This is a test for chatgpt prompt auto table","Sure, please provide me with the necessary information for the table."
"4","You don't need to care this.Just answer my question","Of course, please feel free to ask your question and I'll do my best to assist you."
"6","1+1","The sum of 1+1 is 2."
"8","2+2","The sum of 2+2 is 4."
"10","3+3","The sum of 3+3 is 6."
"12","4*4","The product of 4*4 is 16."
"14","4/2","The quotient of 4/2 is 2."
"16","8-9","The difference between 8 and 9 is -1."
"18","2/3","The quotient of 2/3 is approximately 0.6667 or 2/3 as a fraction in reduced form."
"20","Finish","Is there anything else I can help you with?"
"22","No","Alright then, feel free to ask me anything in the future if you need any assistance. Have a great day!"
"24","Thanks","You're welcome!"
"26","视频演示(english","I'm sorry, I'm not sure what you're asking for. Could you please provide me with more information or clarify your request?"
"28","视频演示(english)",""视频演示" means "video demonstration" in Chinese. However, I'm not sure what specifically you're asking for a video demonstration of in English. Could you please provide more information or context for your request?"
"30","演示(english)",""演示" can be translated to "demonstration" or "presentation" in English. However, without more context or information, I'm not sure what specifically you're asking for a demonstration of. Could you please provide me with more details or clarify your request?"
"32","what should i say the video name if i have a video to show my project","If you have a video that showcases your project, you could give it a name that reflects the content of the video and the project itself. Some examples of video names for project demonstrations or presentations could be:"Project X: A Demonstration""Introducing Project Y: A Video Presentation""Exploring the Features of Project Z: A Video Showcase""Project Demo: A Video Walkthrough""Presenting Project A: A Video Overview"You can choose a name that you feel accurately represents your project and the content of the video."
"34","showcase(chinese)",""Showcase" 可以翻译为 "展示" 或者 "展示品"，具体用法取决于上下文。例如，如果你想要展示你的作品集，你可以用 "作品集展示" 来表示；如果你想要展示一个项目的成果，你可以用 "项目成果展示" 来表示。"
